{"polyfill":["/polyfill-48178f4ae14d66127f88.js"],"app":["/app-85f4eaf864e8ebf7cf24.js"],"component---src-pages-404-js":["/component---src-pages-404-js-91d3b8b7d0e7472d48e5.js"],"component---src-pages-about-fasilitas-js":["/component---src-pages-about-fasilitas-js-de59c9c0b3b61dc5aa33.js"],"component---src-pages-about-index-js":["/component---src-pages-about-index-js-333f3c42caaa179012b8.js"],"component---src-pages-about-logo-js":["/component---src-pages-about-logo-js-667850d16fe45700624b.js"],"component---src-pages-about-sejarah-js":["/component---src-pages-about-sejarah-js-62887943ed4597bdebee.js"],"component---src-pages-about-songs-js":["/component---src-pages-about-songs-js-38599b9a3ac2b06e3285.js"],"component---src-pages-alumni-billy-js":["/component---src-pages-alumni-billy-js-31620c08059d96d7591e.js"],"component---src-pages-alumni-index-js":["/component---src-pages-alumni-index-js-81b0ec03f2e4cbb8c2bf.js"],"component---src-pages-alumni-nicole-js":["/component---src-pages-alumni-nicole-js-6322eb3b21446729e28f.js"],"component---src-pages-alumni-scott-js":["/component---src-pages-alumni-scott-js-c92c407b6d9b2bd9d42f.js"],"component---src-pages-ass-1st-akuntansi-js":["/component---src-pages-ass-1st-akuntansi-js-c2d3c7b2fcb8faea427d.js"],"component---src-pages-ass-1st-farmasi-js":["/component---src-pages-ass-1st-farmasi-js-e4a0a4755d020b8ca85c.js"],"component---src-pages-ass-1st-guru-js":["/component---src-pages-ass-1st-guru-js-144c408e51d3113ec0fb.js"],"component---src-pages-ass-1st-hukum-js":["/component---src-pages-ass-1st-hukum-js-fec5ce56d91ef438ebf1.js"],"component---src-pages-ass-1st-index-js":["/component---src-pages-ass-1st-index-js-7e011831dfba8d0c4701.js"],"component---src-pages-ass-1st-kedokteran-js":["/component---src-pages-ass-1st-kedokteran-js-a35f47640d9d273be084.js"],"component---src-pages-ass-1st-psikologi-js":["/component---src-pages-ass-1st-psikologi-js-c05f52f26129b70f4f6b.js"],"component---src-pages-ass-1st-sipil-js":["/component---src-pages-ass-1st-sipil-js-830501002acd4debb16a.js"],"component---src-pages-ass-1st-sosiologi-js":["/component---src-pages-ass-1st-sosiologi-js-853205c0398e973aed60.js"],"component---src-pages-ass-1st-tambang-js":["/component---src-pages-ass-1st-tambang-js-ef105e730d558ffed4f0.js"],"component---src-pages-emagz-1-stissue-js":["/component---src-pages-emagz-1-stissue-js-b861df777ccc7bbe4635.js"],"component---src-pages-emagz-2-ndissue-js":["/component---src-pages-emagz-2-ndissue-js-60f04f656edc289b6aef.js"],"component---src-pages-emagz-3-rdissue-js":["/component---src-pages-emagz-3-rdissue-js-3c7990683ea8babfd5e1.js"],"component---src-pages-emagz-index-js":["/component---src-pages-emagz-index-js-ccdb7120c867847694af.js"],"component---src-pages-index-js":["/component---src-pages-index-js-fa270b204005ffce5ca7.js"],"component---src-pages-kegiatan-dofe-js":["/component---src-pages-kegiatan-dofe-js-1c474d2bb774693147c1.js"],"component---src-pages-kegiatan-index-js":["/component---src-pages-kegiatan-index-js-9daa110d3e0acf0373e5.js"],"component---src-pages-kegiatan-kr-1-za-js":["/component---src-pages-kegiatan-kr-1-za-js-40efc0c58a6c1ecad9ef.js"],"component---src-pages-kegiatan-lainnya-js":["/component---src-pages-kegiatan-lainnya-js-640c86d387845f4be3ab.js"],"component---src-pages-kegiatan-muneds-js":["/component---src-pages-kegiatan-muneds-js-e0cf015f99a3487b96f6.js"],"component---src-pages-kegiatan-onecast-js":["/component---src-pages-kegiatan-onecast-js-e93c2b18d5fc003d0a99.js"],"component---src-pages-kegiatan-pramuka-js":["/component---src-pages-kegiatan-pramuka-js-7d3bdb06c68e3e425570.js"],"component---src-pages-kegiatan-scj-js":["/component---src-pages-kegiatan-scj-js-8ffa5f962f169e0c7269.js"],"component---src-pages-kegiatan-seni-js":["/component---src-pages-kegiatan-seni-js-0085349a3e53cc68a199.js"],"component---src-pages-kegiatan-smakonecup-js":["/component---src-pages-kegiatan-smakonecup-js-001e79dc57a1ee23aa10.js"],"component---src-pages-kegiatan-soundscape-js":["/component---src-pages-kegiatan-soundscape-js-01144e6dad6dfd02ee4f.js"],"component---src-pages-kegiatan-stn-js":["/component---src-pages-kegiatan-stn-js-f58392273914ab376594.js"],"component---src-pages-osis-anggota-js":["/component---src-pages-osis-anggota-js-5e3ba6803e8aa4f8cbfe.js"],"component---src-pages-osis-bidang-1-js":["/component---src-pages-osis-bidang-1-js-dd995128d805db428aad.js"],"component---src-pages-osis-bidang-10-js":["/component---src-pages-osis-bidang-10-js-637cfcc4b9fdc4816038.js"],"component---src-pages-osis-bidang-2-js":["/component---src-pages-osis-bidang-2-js-2560f2925ffdfebb97c1.js"],"component---src-pages-osis-bidang-3-js":["/component---src-pages-osis-bidang-3-js-42f48d48a2cdcfce4542.js"],"component---src-pages-osis-bidang-4-js":["/component---src-pages-osis-bidang-4-js-14df3c2c980a1cbe6615.js"],"component---src-pages-osis-bidang-5-js":["/component---src-pages-osis-bidang-5-js-eff48b50581244ed3057.js"],"component---src-pages-osis-bidang-6-js":["/component---src-pages-osis-bidang-6-js-9056c4d342fd46190e64.js"],"component---src-pages-osis-bidang-7-js":["/component---src-pages-osis-bidang-7-js-b9d1d9ac9ddb9466e119.js"],"component---src-pages-osis-bidang-8-js":["/component---src-pages-osis-bidang-8-js-5a4ccaa3ce405590a55f.js"],"component---src-pages-osis-bidang-9-js":["/component---src-pages-osis-bidang-9-js-380aac97ee1b906d92ab.js"],"component---src-pages-osis-bph-js":["/component---src-pages-osis-bph-js-7a1d8662aeaf013f10c1.js"],"component---src-pages-osis-index-js":["/component---src-pages-osis-index-js-168733593fb59e5deaef.js"],"component---src-pages-pengumuman-index-js":["/component---src-pages-pengumuman-index-js-69966db7e07308548b87.js"],"component---src-pages-smukierz-index-js":["/component---src-pages-smukierz-index-js-970abe52ee3baec5140f.js"],"component---src-pages-smukierz-interview-darren-js":["/component---src-pages-smukierz-interview-darren-js-038a980a9d314d11923d.js"],"component---src-pages-smukierz-interview-gabriela-js":["/component---src-pages-smukierz-interview-gabriela-js-851527b380a9ed3552b8.js"],"component---src-pages-smukierz-interview-index-js":["/component---src-pages-smukierz-interview-index-js-7c307930f9349a3695c2.js"],"component---src-pages-smukierz-interview-michael-js":["/component---src-pages-smukierz-interview-michael-js-de0153deb31780bac08f.js"],"component---src-pages-smukierz-setelah-kelas-js":["/component---src-pages-smukierz-setelah-kelas-js-4a97ada1721ea26c8e2d.js"],"component---src-pages-smukierz-tips-js":["/component---src-pages-smukierz-tips-js-ad29ce162b4539714530.js"]}