{"namedChunkGroups":{"polyfill":{"name":"polyfill","assets":[{"name":"webpack-runtime-23935f8dc9b34e7b3315.js","size":9348},{"name":"polyfill-48178f4ae14d66127f88.js","size":82637}],"filteredAssets":0,"assetsSize":91985,"filteredAuxiliaryAssets":2,"auxiliaryAssetsSize":227660},"app":{"name":"app","assets":[{"name":"webpack-runtime-23935f8dc9b34e7b3315.js","size":9348},{"name":"styles.3a87959a59fbf3c2c4e1.css","size":17969},{"name":"framework-114feca8d93c4c28d9f9.js","size":129912},{"name":"app-85f4eaf864e8ebf7cf24.js","size":77457}],"filteredAssets":0,"assetsSize":234686,"filteredAuxiliaryAssets":21,"auxiliaryAssetsSize":6802314},"component---src-pages-404-js":{"name":"component---src-pages-404-js","assets":[{"name":"styles.3a87959a59fbf3c2c4e1.css","size":17969},{"name":"cb1608f2-d231423bc9ddde90fa79.js","size":962},{"name":"a9a7754c-a86446a4648445353ee8.js","size":3032},{"name":"commons-29c440cf031006435ace.js","size":36233},{"name":"component---src-pages-404-js-91d3b8b7d0e7472d48e5.js","size":925}],"filteredAssets":0,"assetsSize":59121,"filteredAuxiliaryAssets":25,"auxiliaryAssetsSize":7673556},"component---src-pages-about-fasilitas-js":{"name":"component---src-pages-about-fasilitas-js","assets":[{"name":"styles.3a87959a59fbf3c2c4e1.css","size":17969},{"name":"cb1608f2-d231423bc9ddde90fa79.js","size":962},{"name":"a9a7754c-a86446a4648445353ee8.js","size":3032},{"name":"1bfc9850-61858c5e14fe580663bc.js","size":512},{"name":"commons-29c440cf031006435ace.js","size":36233},{"name":"25ce808e943270f6a14b7ca0060e14f28234c2ca-3a6a954bdf947327520d.js","size":14885},{"name":"component---src-pages-about-fasilitas-js-de59c9c0b3b61dc5aa33.js","size":10188}],"filteredAssets":0,"assetsSize":83781,"filteredAuxiliaryAssets":49,"auxiliaryAssetsSize":15530475},"component---src-pages-about-index-js":{"name":"component---src-pages-about-index-js","assets":[{"name":"styles.3a87959a59fbf3c2c4e1.css","size":17969},{"name":"cb1608f2-d231423bc9ddde90fa79.js","size":962},{"name":"a9a7754c-a86446a4648445353ee8.js","size":3032},{"name":"1bfc9850-61858c5e14fe580663bc.js","size":512},{"name":"commons-29c440cf031006435ace.js","size":36233},{"name":"25ce808e943270f6a14b7ca0060e14f28234c2ca-3a6a954bdf947327520d.js","size":14885},{"name":"component---src-pages-about-index-js-333f3c42caaa179012b8.js","size":10686}],"filteredAssets":0,"assetsSize":84279,"filteredAuxiliaryAssets":28,"auxiliaryAssetsSize":9749244},"component---src-pages-about-logo-js":{"name":"component---src-pages-about-logo-js","assets":[{"name":"styles.3a87959a59fbf3c2c4e1.css","size":17969},{"name":"cb1608f2-d231423bc9ddde90fa79.js","size":962},{"name":"a9a7754c-a86446a4648445353ee8.js","size":3032},{"name":"1bfc9850-61858c5e14fe580663bc.js","size":512},{"name":"commons-29c440cf031006435ace.js","size":36233},{"name":"25ce808e943270f6a14b7ca0060e14f28234c2ca-3a6a954bdf947327520d.js","size":14885},{"name":"component---src-pages-about-logo-js-667850d16fe45700624b.js","size":7020}],"filteredAssets":0,"assetsSize":80613,"filteredAuxiliaryAssets":28,"auxiliaryAssetsSize":9744107},"component---src-pages-about-sejarah-js":{"name":"component---src-pages-about-sejarah-js","assets":[{"name":"styles.3a87959a59fbf3c2c4e1.css","size":17969},{"name":"cb1608f2-d231423bc9ddde90fa79.js","size":962},{"name":"a9a7754c-a86446a4648445353ee8.js","size":3032},{"name":"1bfc9850-61858c5e14fe580663bc.js","size":512},{"name":"commons-29c440cf031006435ace.js","size":36233},{"name":"25ce808e943270f6a14b7ca0060e14f28234c2ca-3a6a954bdf947327520d.js","size":14885},{"name":"component---src-pages-about-sejarah-js-62887943ed4597bdebee.js","size":9233}],"filteredAssets":0,"assetsSize":82826,"filteredAuxiliaryAssets":28,"auxiliaryAssetsSize":9746563},"component---src-pages-about-songs-js":{"name":"component---src-pages-about-songs-js","assets":[{"name":"styles.3a87959a59fbf3c2c4e1.css","size":17969},{"name":"cb1608f2-d231423bc9ddde90fa79.js","size":962},{"name":"a9a7754c-a86446a4648445353ee8.js","size":3032},{"name":"1bfc9850-61858c5e14fe580663bc.js","size":512},{"name":"commons-29c440cf031006435ace.js","size":36233},{"name":"25ce808e943270f6a14b7ca0060e14f28234c2ca-3a6a954bdf947327520d.js","size":14885},{"name":"component---src-pages-about-songs-js-38599b9a3ac2b06e3285.js","size":9121}],"filteredAssets":0,"assetsSize":82714,"filteredAuxiliaryAssets":28,"auxiliaryAssetsSize":9747228},"component---src-pages-alumni-billy-js":{"name":"component---src-pages-alumni-billy-js","assets":[{"name":"styles.3a87959a59fbf3c2c4e1.css","size":17969},{"name":"cb1608f2-d231423bc9ddde90fa79.js","size":962},{"name":"a9a7754c-a86446a4648445353ee8.js","size":3032},{"name":"1bfc9850-61858c5e14fe580663bc.js","size":512},{"name":"commons-29c440cf031006435ace.js","size":36233},{"name":"25ce808e943270f6a14b7ca0060e14f28234c2ca-3a6a954bdf947327520d.js","size":14885},{"name":"component---src-pages-alumni-billy-js-31620c08059d96d7591e.js","size":10304}],"filteredAssets":0,"assetsSize":83897,"filteredAuxiliaryAssets":29,"auxiliaryAssetsSize":9401150},"component---src-pages-alumni-index-js":{"name":"component---src-pages-alumni-index-js","assets":[{"name":"styles.3a87959a59fbf3c2c4e1.css","size":17969},{"name":"cb1608f2-d231423bc9ddde90fa79.js","size":962},{"name":"a9a7754c-a86446a4648445353ee8.js","size":3032},{"name":"1bfc9850-61858c5e14fe580663bc.js","size":512},{"name":"commons-29c440cf031006435ace.js","size":36233},{"name":"25ce808e943270f6a14b7ca0060e14f28234c2ca-3a6a954bdf947327520d.js","size":14885},{"name":"component---src-pages-alumni-index-js-81b0ec03f2e4cbb8c2bf.js","size":6721}],"filteredAssets":0,"assetsSize":80314,"filteredAuxiliaryAssets":31,"auxiliaryAssetsSize":9617861},"component---src-pages-alumni-nicole-js":{"name":"component---src-pages-alumni-nicole-js","assets":[{"name":"styles.3a87959a59fbf3c2c4e1.css","size":17969},{"name":"cb1608f2-d231423bc9ddde90fa79.js","size":962},{"name":"a9a7754c-a86446a4648445353ee8.js","size":3032},{"name":"1bfc9850-61858c5e14fe580663bc.js","size":512},{"name":"commons-29c440cf031006435ace.js","size":36233},{"name":"25ce808e943270f6a14b7ca0060e14f28234c2ca-3a6a954bdf947327520d.js","size":14885},{"name":"component---src-pages-alumni-nicole-js-6322eb3b21446729e28f.js","size":8323}],"filteredAssets":0,"assetsSize":81916,"filteredAuxiliaryAssets":29,"auxiliaryAssetsSize":9503659},"component---src-pages-alumni-scott-js":{"name":"component---src-pages-alumni-scott-js","assets":[{"name":"styles.3a87959a59fbf3c2c4e1.css","size":17969},{"name":"cb1608f2-d231423bc9ddde90fa79.js","size":962},{"name":"a9a7754c-a86446a4648445353ee8.js","size":3032},{"name":"1bfc9850-61858c5e14fe580663bc.js","size":512},{"name":"commons-29c440cf031006435ace.js","size":36233},{"name":"25ce808e943270f6a14b7ca0060e14f28234c2ca-3a6a954bdf947327520d.js","size":14885},{"name":"component---src-pages-alumni-scott-js-c92c407b6d9b2bd9d42f.js","size":8932}],"filteredAssets":0,"assetsSize":82525,"filteredAuxiliaryAssets":29,"auxiliaryAssetsSize":9397748},"component---src-pages-ass-1st-akuntansi-js":{"name":"component---src-pages-ass-1st-akuntansi-js","assets":[{"name":"styles.3a87959a59fbf3c2c4e1.css","size":17969},{"name":"cb1608f2-d231423bc9ddde90fa79.js","size":962},{"name":"a9a7754c-a86446a4648445353ee8.js","size":3032},{"name":"1bfc9850-61858c5e14fe580663bc.js","size":512},{"name":"commons-29c440cf031006435ace.js","size":36233},{"name":"25ce808e943270f6a14b7ca0060e14f28234c2ca-3a6a954bdf947327520d.js","size":14885},{"name":"component---src-pages-ass-1st-akuntansi-js-c2d3c7b2fcb8faea427d.js","size":10059}],"filteredAssets":0,"assetsSize":83652,"filteredAuxiliaryAssets":38,"auxiliaryAssetsSize":12130736},"component---src-pages-ass-1st-farmasi-js":{"name":"component---src-pages-ass-1st-farmasi-js","assets":[{"name":"styles.3a87959a59fbf3c2c4e1.css","size":17969},{"name":"cb1608f2-d231423bc9ddde90fa79.js","size":962},{"name":"a9a7754c-a86446a4648445353ee8.js","size":3032},{"name":"1bfc9850-61858c5e14fe580663bc.js","size":512},{"name":"commons-29c440cf031006435ace.js","size":36233},{"name":"25ce808e943270f6a14b7ca0060e14f28234c2ca-3a6a954bdf947327520d.js","size":14885},{"name":"component---src-pages-ass-1st-farmasi-js-e4a0a4755d020b8ca85c.js","size":10267}],"filteredAssets":0,"assetsSize":83860,"filteredAuxiliaryAssets":38,"auxiliaryAssetsSize":12439256},"component---src-pages-ass-1st-guru-js":{"name":"component---src-pages-ass-1st-guru-js","assets":[{"name":"styles.3a87959a59fbf3c2c4e1.css","size":17969},{"name":"cb1608f2-d231423bc9ddde90fa79.js","size":962},{"name":"a9a7754c-a86446a4648445353ee8.js","size":3032},{"name":"1bfc9850-61858c5e14fe580663bc.js","size":512},{"name":"commons-29c440cf031006435ace.js","size":36233},{"name":"25ce808e943270f6a14b7ca0060e14f28234c2ca-3a6a954bdf947327520d.js","size":14885},{"name":"component---src-pages-ass-1st-guru-js-144c408e51d3113ec0fb.js","size":10007}],"filteredAssets":0,"assetsSize":83600,"filteredAuxiliaryAssets":38,"auxiliaryAssetsSize":13592699},"component---src-pages-ass-1st-hukum-js":{"name":"component---src-pages-ass-1st-hukum-js","assets":[{"name":"styles.3a87959a59fbf3c2c4e1.css","size":17969},{"name":"cb1608f2-d231423bc9ddde90fa79.js","size":962},{"name":"a9a7754c-a86446a4648445353ee8.js","size":3032},{"name":"1bfc9850-61858c5e14fe580663bc.js","size":512},{"name":"commons-29c440cf031006435ace.js","size":36233},{"name":"25ce808e943270f6a14b7ca0060e14f28234c2ca-3a6a954bdf947327520d.js","size":14885},{"name":"component---src-pages-ass-1st-hukum-js-fec5ce56d91ef438ebf1.js","size":9952}],"filteredAssets":0,"assetsSize":83545,"filteredAuxiliaryAssets":38,"auxiliaryAssetsSize":12653517},"component---src-pages-ass-1st-index-js":{"name":"component---src-pages-ass-1st-index-js","assets":[{"name":"styles.3a87959a59fbf3c2c4e1.css","size":17969},{"name":"cb1608f2-d231423bc9ddde90fa79.js","size":962},{"name":"a9a7754c-a86446a4648445353ee8.js","size":3032},{"name":"1bfc9850-61858c5e14fe580663bc.js","size":512},{"name":"commons-29c440cf031006435ace.js","size":36233},{"name":"25ce808e943270f6a14b7ca0060e14f28234c2ca-3a6a954bdf947327520d.js","size":14885},{"name":"component---src-pages-ass-1st-index-js-7e011831dfba8d0c4701.js","size":6447}],"filteredAssets":0,"assetsSize":80040,"filteredAuxiliaryAssets":28,"auxiliaryAssetsSize":9323477},"component---src-pages-ass-1st-kedokteran-js":{"name":"component---src-pages-ass-1st-kedokteran-js","assets":[{"name":"styles.3a87959a59fbf3c2c4e1.css","size":17969},{"name":"cb1608f2-d231423bc9ddde90fa79.js","size":962},{"name":"a9a7754c-a86446a4648445353ee8.js","size":3032},{"name":"1bfc9850-61858c5e14fe580663bc.js","size":512},{"name":"commons-29c440cf031006435ace.js","size":36233},{"name":"25ce808e943270f6a14b7ca0060e14f28234c2ca-3a6a954bdf947327520d.js","size":14885},{"name":"component---src-pages-ass-1st-kedokteran-js-a35f47640d9d273be084.js","size":10199}],"filteredAssets":0,"assetsSize":83792,"filteredAuxiliaryAssets":38,"auxiliaryAssetsSize":12368028},"component---src-pages-ass-1st-psikologi-js":{"name":"component---src-pages-ass-1st-psikologi-js","assets":[{"name":"styles.3a87959a59fbf3c2c4e1.css","size":17969},{"name":"cb1608f2-d231423bc9ddde90fa79.js","size":962},{"name":"a9a7754c-a86446a4648445353ee8.js","size":3032},{"name":"1bfc9850-61858c5e14fe580663bc.js","size":512},{"name":"commons-29c440cf031006435ace.js","size":36233},{"name":"25ce808e943270f6a14b7ca0060e14f28234c2ca-3a6a954bdf947327520d.js","size":14885},{"name":"component---src-pages-ass-1st-psikologi-js-c05f52f26129b70f4f6b.js","size":10107}],"filteredAssets":0,"assetsSize":83700,"filteredAuxiliaryAssets":38,"auxiliaryAssetsSize":12498969},"component---src-pages-ass-1st-sipil-js":{"name":"component---src-pages-ass-1st-sipil-js","assets":[{"name":"styles.3a87959a59fbf3c2c4e1.css","size":17969},{"name":"cb1608f2-d231423bc9ddde90fa79.js","size":962},{"name":"a9a7754c-a86446a4648445353ee8.js","size":3032},{"name":"1bfc9850-61858c5e14fe580663bc.js","size":512},{"name":"commons-29c440cf031006435ace.js","size":36233},{"name":"25ce808e943270f6a14b7ca0060e14f28234c2ca-3a6a954bdf947327520d.js","size":14885},{"name":"component---src-pages-ass-1st-sipil-js-830501002acd4debb16a.js","size":10218}],"filteredAssets":0,"assetsSize":83811,"filteredAuxiliaryAssets":38,"auxiliaryAssetsSize":12487256},"component---src-pages-ass-1st-sosiologi-js":{"name":"component---src-pages-ass-1st-sosiologi-js","assets":[{"name":"styles.3a87959a59fbf3c2c4e1.css","size":17969},{"name":"cb1608f2-d231423bc9ddde90fa79.js","size":962},{"name":"a9a7754c-a86446a4648445353ee8.js","size":3032},{"name":"1bfc9850-61858c5e14fe580663bc.js","size":512},{"name":"commons-29c440cf031006435ace.js","size":36233},{"name":"25ce808e943270f6a14b7ca0060e14f28234c2ca-3a6a954bdf947327520d.js","size":14885},{"name":"component---src-pages-ass-1st-sosiologi-js-853205c0398e973aed60.js","size":10028}],"filteredAssets":0,"assetsSize":83621,"filteredAuxiliaryAssets":38,"auxiliaryAssetsSize":12502312},"component---src-pages-ass-1st-tambang-js":{"name":"component---src-pages-ass-1st-tambang-js","assets":[{"name":"styles.3a87959a59fbf3c2c4e1.css","size":17969},{"name":"cb1608f2-d231423bc9ddde90fa79.js","size":962},{"name":"a9a7754c-a86446a4648445353ee8.js","size":3032},{"name":"1bfc9850-61858c5e14fe580663bc.js","size":512},{"name":"commons-29c440cf031006435ace.js","size":36233},{"name":"25ce808e943270f6a14b7ca0060e14f28234c2ca-3a6a954bdf947327520d.js","size":14885},{"name":"component---src-pages-ass-1st-tambang-js-ef105e730d558ffed4f0.js","size":9892}],"filteredAssets":0,"assetsSize":83485,"filteredAuxiliaryAssets":38,"auxiliaryAssetsSize":12111092},"component---src-pages-emagz-1-stissue-js":{"name":"component---src-pages-emagz-1-stissue-js","assets":[{"name":"styles.3a87959a59fbf3c2c4e1.css","size":17969},{"name":"cb1608f2-d231423bc9ddde90fa79.js","size":962},{"name":"a9a7754c-a86446a4648445353ee8.js","size":3032},{"name":"1bfc9850-61858c5e14fe580663bc.js","size":512},{"name":"commons-29c440cf031006435ace.js","size":36233},{"name":"25ce808e943270f6a14b7ca0060e14f28234c2ca-3a6a954bdf947327520d.js","size":14885},{"name":"component---src-pages-emagz-1-stissue-js-b861df777ccc7bbe4635.js","size":5963}],"filteredAssets":0,"assetsSize":79556,"filteredAuxiliaryAssets":28,"auxiliaryAssetsSize":9742438},"component---src-pages-emagz-2-ndissue-js":{"name":"component---src-pages-emagz-2-ndissue-js","assets":[{"name":"styles.3a87959a59fbf3c2c4e1.css","size":17969},{"name":"cb1608f2-d231423bc9ddde90fa79.js","size":962},{"name":"a9a7754c-a86446a4648445353ee8.js","size":3032},{"name":"1bfc9850-61858c5e14fe580663bc.js","size":512},{"name":"commons-29c440cf031006435ace.js","size":36233},{"name":"25ce808e943270f6a14b7ca0060e14f28234c2ca-3a6a954bdf947327520d.js","size":14885},{"name":"component---src-pages-emagz-2-ndissue-js-60f04f656edc289b6aef.js","size":5918}],"filteredAssets":0,"assetsSize":79511,"filteredAuxiliaryAssets":28,"auxiliaryAssetsSize":9742393},"component---src-pages-emagz-3-rdissue-js":{"name":"component---src-pages-emagz-3-rdissue-js","assets":[{"name":"styles.3a87959a59fbf3c2c4e1.css","size":17969},{"name":"cb1608f2-d231423bc9ddde90fa79.js","size":962},{"name":"a9a7754c-a86446a4648445353ee8.js","size":3032},{"name":"1bfc9850-61858c5e14fe580663bc.js","size":512},{"name":"commons-29c440cf031006435ace.js","size":36233},{"name":"25ce808e943270f6a14b7ca0060e14f28234c2ca-3a6a954bdf947327520d.js","size":14885},{"name":"component---src-pages-emagz-3-rdissue-js-3c7990683ea8babfd5e1.js","size":5904}],"filteredAssets":0,"assetsSize":79497,"filteredAuxiliaryAssets":28,"auxiliaryAssetsSize":9742377},"component---src-pages-emagz-index-js":{"name":"component---src-pages-emagz-index-js","assets":[{"name":"styles.3a87959a59fbf3c2c4e1.css","size":17969},{"name":"cb1608f2-d231423bc9ddde90fa79.js","size":962},{"name":"a9a7754c-a86446a4648445353ee8.js","size":3032},{"name":"1bfc9850-61858c5e14fe580663bc.js","size":512},{"name":"commons-29c440cf031006435ace.js","size":36233},{"name":"25ce808e943270f6a14b7ca0060e14f28234c2ca-3a6a954bdf947327520d.js","size":14885},{"name":"component---src-pages-emagz-index-js-ccdb7120c867847694af.js","size":6431}],"filteredAssets":0,"assetsSize":80024,"filteredAuxiliaryAssets":28,"auxiliaryAssetsSize":9742725},"component---src-pages-index-js":{"name":"component---src-pages-index-js","assets":[{"name":"styles.3a87959a59fbf3c2c4e1.css","size":17969},{"name":"cb1608f2-d231423bc9ddde90fa79.js","size":962},{"name":"a9a7754c-a86446a4648445353ee8.js","size":3032},{"name":"commons-29c440cf031006435ace.js","size":36233},{"name":"25ce808e943270f6a14b7ca0060e14f28234c2ca-3a6a954bdf947327520d.js","size":14885},{"name":"component---src-pages-index-js-fa270b204005ffce5ca7.js","size":8195}],"filteredAssets":0,"assetsSize":81276,"filteredAuxiliaryAssets":41,"auxiliaryAssetsSize":10675267},"component---src-pages-kegiatan-dofe-js":{"name":"component---src-pages-kegiatan-dofe-js","assets":[{"name":"styles.3a87959a59fbf3c2c4e1.css","size":17969},{"name":"cb1608f2-d231423bc9ddde90fa79.js","size":962},{"name":"a9a7754c-a86446a4648445353ee8.js","size":3032},{"name":"1bfc9850-61858c5e14fe580663bc.js","size":512},{"name":"commons-29c440cf031006435ace.js","size":36233},{"name":"25ce808e943270f6a14b7ca0060e14f28234c2ca-3a6a954bdf947327520d.js","size":14885},{"name":"component---src-pages-kegiatan-dofe-js-1c474d2bb774693147c1.js","size":10515}],"filteredAssets":0,"assetsSize":84108,"filteredAuxiliaryAssets":28,"auxiliaryAssetsSize":9329528},"component---src-pages-kegiatan-index-js":{"name":"component---src-pages-kegiatan-index-js","assets":[{"name":"styles.3a87959a59fbf3c2c4e1.css","size":17969},{"name":"cb1608f2-d231423bc9ddde90fa79.js","size":962},{"name":"a9a7754c-a86446a4648445353ee8.js","size":3032},{"name":"1bfc9850-61858c5e14fe580663bc.js","size":512},{"name":"commons-29c440cf031006435ace.js","size":36233},{"name":"25ce808e943270f6a14b7ca0060e14f28234c2ca-3a6a954bdf947327520d.js","size":14885},{"name":"component---src-pages-kegiatan-index-js-9daa110d3e0acf0373e5.js","size":11939}],"filteredAssets":0,"assetsSize":85532,"filteredAuxiliaryAssets":28,"auxiliaryAssetsSize":9330722},"component---src-pages-kegiatan-kr-1-za-js":{"name":"component---src-pages-kegiatan-kr-1-za-js","assets":[{"name":"styles.3a87959a59fbf3c2c4e1.css","size":17969},{"name":"cb1608f2-d231423bc9ddde90fa79.js","size":962},{"name":"a9a7754c-a86446a4648445353ee8.js","size":3032},{"name":"1bfc9850-61858c5e14fe580663bc.js","size":512},{"name":"commons-29c440cf031006435ace.js","size":36233},{"name":"25ce808e943270f6a14b7ca0060e14f28234c2ca-3a6a954bdf947327520d.js","size":14885},{"name":"component---src-pages-kegiatan-kr-1-za-js-40efc0c58a6c1ecad9ef.js","size":7933}],"filteredAssets":0,"assetsSize":81526,"filteredAuxiliaryAssets":29,"auxiliaryAssetsSize":9514796},"component---src-pages-kegiatan-lainnya-js":{"name":"component---src-pages-kegiatan-lainnya-js","assets":[{"name":"styles.3a87959a59fbf3c2c4e1.css","size":17969},{"name":"cb1608f2-d231423bc9ddde90fa79.js","size":962},{"name":"a9a7754c-a86446a4648445353ee8.js","size":3032},{"name":"1bfc9850-61858c5e14fe580663bc.js","size":512},{"name":"commons-29c440cf031006435ace.js","size":36233},{"name":"25ce808e943270f6a14b7ca0060e14f28234c2ca-3a6a954bdf947327520d.js","size":14885},{"name":"component---src-pages-kegiatan-lainnya-js-640c86d387845f4be3ab.js","size":6735}],"filteredAssets":0,"assetsSize":80328,"filteredAuxiliaryAssets":28,"auxiliaryAssetsSize":9324638},"component---src-pages-kegiatan-muneds-js":{"name":"component---src-pages-kegiatan-muneds-js","assets":[{"name":"styles.3a87959a59fbf3c2c4e1.css","size":17969},{"name":"cb1608f2-d231423bc9ddde90fa79.js","size":962},{"name":"a9a7754c-a86446a4648445353ee8.js","size":3032},{"name":"1bfc9850-61858c5e14fe580663bc.js","size":512},{"name":"commons-29c440cf031006435ace.js","size":36233},{"name":"25ce808e943270f6a14b7ca0060e14f28234c2ca-3a6a954bdf947327520d.js","size":14885},{"name":"component---src-pages-kegiatan-muneds-js-e0cf015f99a3487b96f6.js","size":10299}],"filteredAssets":0,"assetsSize":83892,"filteredAuxiliaryAssets":29,"auxiliaryAssetsSize":9555136},"component---src-pages-kegiatan-onecast-js":{"name":"component---src-pages-kegiatan-onecast-js","assets":[{"name":"styles.3a87959a59fbf3c2c4e1.css","size":17969},{"name":"cb1608f2-d231423bc9ddde90fa79.js","size":962},{"name":"a9a7754c-a86446a4648445353ee8.js","size":3032},{"name":"1bfc9850-61858c5e14fe580663bc.js","size":512},{"name":"commons-29c440cf031006435ace.js","size":36233},{"name":"25ce808e943270f6a14b7ca0060e14f28234c2ca-3a6a954bdf947327520d.js","size":14885},{"name":"component---src-pages-kegiatan-onecast-js-e93c2b18d5fc003d0a99.js","size":7621}],"filteredAssets":0,"assetsSize":81214,"filteredAuxiliaryAssets":29,"auxiliaryAssetsSize":9375141},"component---src-pages-kegiatan-pramuka-js":{"name":"component---src-pages-kegiatan-pramuka-js","assets":[{"name":"styles.3a87959a59fbf3c2c4e1.css","size":17969},{"name":"cb1608f2-d231423bc9ddde90fa79.js","size":962},{"name":"a9a7754c-a86446a4648445353ee8.js","size":3032},{"name":"1bfc9850-61858c5e14fe580663bc.js","size":512},{"name":"commons-29c440cf031006435ace.js","size":36233},{"name":"25ce808e943270f6a14b7ca0060e14f28234c2ca-3a6a954bdf947327520d.js","size":14885},{"name":"component---src-pages-kegiatan-pramuka-js-7d3bdb06c68e3e425570.js","size":10261}],"filteredAssets":0,"assetsSize":83854,"filteredAuxiliaryAssets":29,"auxiliaryAssetsSize":9572388},"component---src-pages-kegiatan-scj-js":{"name":"component---src-pages-kegiatan-scj-js","assets":[{"name":"styles.3a87959a59fbf3c2c4e1.css","size":17969},{"name":"cb1608f2-d231423bc9ddde90fa79.js","size":962},{"name":"a9a7754c-a86446a4648445353ee8.js","size":3032},{"name":"1bfc9850-61858c5e14fe580663bc.js","size":512},{"name":"commons-29c440cf031006435ace.js","size":36233},{"name":"25ce808e943270f6a14b7ca0060e14f28234c2ca-3a6a954bdf947327520d.js","size":14885},{"name":"component---src-pages-kegiatan-scj-js-8ffa5f962f169e0c7269.js","size":9248}],"filteredAssets":0,"assetsSize":82841,"filteredAuxiliaryAssets":29,"auxiliaryAssetsSize":9528000},"component---src-pages-kegiatan-seni-js":{"name":"component---src-pages-kegiatan-seni-js","assets":[{"name":"styles.3a87959a59fbf3c2c4e1.css","size":17969},{"name":"cb1608f2-d231423bc9ddde90fa79.js","size":962},{"name":"a9a7754c-a86446a4648445353ee8.js","size":3032},{"name":"1bfc9850-61858c5e14fe580663bc.js","size":512},{"name":"commons-29c440cf031006435ace.js","size":36233},{"name":"25ce808e943270f6a14b7ca0060e14f28234c2ca-3a6a954bdf947327520d.js","size":14885},{"name":"component---src-pages-kegiatan-seni-js-0085349a3e53cc68a199.js","size":8892}],"filteredAssets":0,"assetsSize":82485,"filteredAuxiliaryAssets":29,"auxiliaryAssetsSize":9502598},"component---src-pages-kegiatan-smakonecup-js":{"name":"component---src-pages-kegiatan-smakonecup-js","assets":[{"name":"styles.3a87959a59fbf3c2c4e1.css","size":17969},{"name":"cb1608f2-d231423bc9ddde90fa79.js","size":962},{"name":"a9a7754c-a86446a4648445353ee8.js","size":3032},{"name":"1bfc9850-61858c5e14fe580663bc.js","size":512},{"name":"commons-29c440cf031006435ace.js","size":36233},{"name":"25ce808e943270f6a14b7ca0060e14f28234c2ca-3a6a954bdf947327520d.js","size":14885},{"name":"component---src-pages-kegiatan-smakonecup-js-001e79dc57a1ee23aa10.js","size":8808}],"filteredAssets":0,"assetsSize":82401,"filteredAuxiliaryAssets":29,"auxiliaryAssetsSize":9569546},"component---src-pages-kegiatan-soundscape-js":{"name":"component---src-pages-kegiatan-soundscape-js","assets":[{"name":"styles.3a87959a59fbf3c2c4e1.css","size":17969},{"name":"cb1608f2-d231423bc9ddde90fa79.js","size":962},{"name":"a9a7754c-a86446a4648445353ee8.js","size":3032},{"name":"1bfc9850-61858c5e14fe580663bc.js","size":512},{"name":"commons-29c440cf031006435ace.js","size":36233},{"name":"25ce808e943270f6a14b7ca0060e14f28234c2ca-3a6a954bdf947327520d.js","size":14885},{"name":"component---src-pages-kegiatan-soundscape-js-01144e6dad6dfd02ee4f.js","size":7999}],"filteredAssets":0,"assetsSize":81592,"filteredAuxiliaryAssets":29,"auxiliaryAssetsSize":9700772},"component---src-pages-kegiatan-stn-js":{"name":"component---src-pages-kegiatan-stn-js","assets":[{"name":"styles.3a87959a59fbf3c2c4e1.css","size":17969},{"name":"cb1608f2-d231423bc9ddde90fa79.js","size":962},{"name":"a9a7754c-a86446a4648445353ee8.js","size":3032},{"name":"1bfc9850-61858c5e14fe580663bc.js","size":512},{"name":"commons-29c440cf031006435ace.js","size":36233},{"name":"25ce808e943270f6a14b7ca0060e14f28234c2ca-3a6a954bdf947327520d.js","size":14885},{"name":"component---src-pages-kegiatan-stn-js-f58392273914ab376594.js","size":7541}],"filteredAssets":0,"assetsSize":81134,"filteredAuxiliaryAssets":29,"auxiliaryAssetsSize":9532798},"component---src-pages-osis-anggota-js":{"name":"component---src-pages-osis-anggota-js","assets":[{"name":"styles.3a87959a59fbf3c2c4e1.css","size":17969},{"name":"cb1608f2-d231423bc9ddde90fa79.js","size":962},{"name":"a9a7754c-a86446a4648445353ee8.js","size":3032},{"name":"1bfc9850-61858c5e14fe580663bc.js","size":512},{"name":"commons-29c440cf031006435ace.js","size":36233},{"name":"25ce808e943270f6a14b7ca0060e14f28234c2ca-3a6a954bdf947327520d.js","size":14885},{"name":"component---src-pages-osis-anggota-js-5e3ba6803e8aa4f8cbfe.js","size":17997}],"filteredAssets":0,"assetsSize":91590,"filteredAuxiliaryAssets":64,"auxiliaryAssetsSize":12982614},"component---src-pages-osis-bidang-1-js":{"name":"component---src-pages-osis-bidang-1-js","assets":[{"name":"styles.3a87959a59fbf3c2c4e1.css","size":17969},{"name":"cb1608f2-d231423bc9ddde90fa79.js","size":962},{"name":"a9a7754c-a86446a4648445353ee8.js","size":3032},{"name":"1bfc9850-61858c5e14fe580663bc.js","size":512},{"name":"commons-29c440cf031006435ace.js","size":36233},{"name":"25ce808e943270f6a14b7ca0060e14f28234c2ca-3a6a954bdf947327520d.js","size":14885},{"name":"component---src-pages-osis-bidang-1-js-dd995128d805db428aad.js","size":11555}],"filteredAssets":0,"assetsSize":85148,"filteredAuxiliaryAssets":31,"auxiliaryAssetsSize":9971722},"component---src-pages-osis-bidang-10-js":{"name":"component---src-pages-osis-bidang-10-js","assets":[{"name":"styles.3a87959a59fbf3c2c4e1.css","size":17969},{"name":"cb1608f2-d231423bc9ddde90fa79.js","size":962},{"name":"a9a7754c-a86446a4648445353ee8.js","size":3032},{"name":"1bfc9850-61858c5e14fe580663bc.js","size":512},{"name":"commons-29c440cf031006435ace.js","size":36233},{"name":"25ce808e943270f6a14b7ca0060e14f28234c2ca-3a6a954bdf947327520d.js","size":14885},{"name":"component---src-pages-osis-bidang-10-js-637cfcc4b9fdc4816038.js","size":10796}],"filteredAssets":0,"assetsSize":84389,"filteredAuxiliaryAssets":31,"auxiliaryAssetsSize":10013933},"component---src-pages-osis-bidang-2-js":{"name":"component---src-pages-osis-bidang-2-js","assets":[{"name":"styles.3a87959a59fbf3c2c4e1.css","size":17969},{"name":"cb1608f2-d231423bc9ddde90fa79.js","size":962},{"name":"a9a7754c-a86446a4648445353ee8.js","size":3032},{"name":"1bfc9850-61858c5e14fe580663bc.js","size":512},{"name":"commons-29c440cf031006435ace.js","size":36233},{"name":"25ce808e943270f6a14b7ca0060e14f28234c2ca-3a6a954bdf947327520d.js","size":14885},{"name":"component---src-pages-osis-bidang-2-js-2560f2925ffdfebb97c1.js","size":11297}],"filteredAssets":0,"assetsSize":84890,"filteredAuxiliaryAssets":32,"auxiliaryAssetsSize":10023734},"component---src-pages-osis-bidang-3-js":{"name":"component---src-pages-osis-bidang-3-js","assets":[{"name":"styles.3a87959a59fbf3c2c4e1.css","size":17969},{"name":"cb1608f2-d231423bc9ddde90fa79.js","size":962},{"name":"a9a7754c-a86446a4648445353ee8.js","size":3032},{"name":"1bfc9850-61858c5e14fe580663bc.js","size":512},{"name":"commons-29c440cf031006435ace.js","size":36233},{"name":"25ce808e943270f6a14b7ca0060e14f28234c2ca-3a6a954bdf947327520d.js","size":14885},{"name":"component---src-pages-osis-bidang-3-js-42f48d48a2cdcfce4542.js","size":10752}],"filteredAssets":0,"assetsSize":84345,"filteredAuxiliaryAssets":31,"auxiliaryAssetsSize":10086870},"component---src-pages-osis-bidang-4-js":{"name":"component---src-pages-osis-bidang-4-js","assets":[{"name":"styles.3a87959a59fbf3c2c4e1.css","size":17969},{"name":"cb1608f2-d231423bc9ddde90fa79.js","size":962},{"name":"a9a7754c-a86446a4648445353ee8.js","size":3032},{"name":"1bfc9850-61858c5e14fe580663bc.js","size":512},{"name":"commons-29c440cf031006435ace.js","size":36233},{"name":"25ce808e943270f6a14b7ca0060e14f28234c2ca-3a6a954bdf947327520d.js","size":14885},{"name":"component---src-pages-osis-bidang-4-js-14df3c2c980a1cbe6615.js","size":10805}],"filteredAssets":0,"assetsSize":84398,"filteredAuxiliaryAssets":31,"auxiliaryAssetsSize":9946765},"component---src-pages-osis-bidang-5-js":{"name":"component---src-pages-osis-bidang-5-js","assets":[{"name":"styles.3a87959a59fbf3c2c4e1.css","size":17969},{"name":"cb1608f2-d231423bc9ddde90fa79.js","size":962},{"name":"a9a7754c-a86446a4648445353ee8.js","size":3032},{"name":"1bfc9850-61858c5e14fe580663bc.js","size":512},{"name":"commons-29c440cf031006435ace.js","size":36233},{"name":"25ce808e943270f6a14b7ca0060e14f28234c2ca-3a6a954bdf947327520d.js","size":14885},{"name":"component---src-pages-osis-bidang-5-js-eff48b50581244ed3057.js","size":10588}],"filteredAssets":0,"assetsSize":84181,"filteredAuxiliaryAssets":30,"auxiliaryAssetsSize":9907692},"component---src-pages-osis-bidang-6-js":{"name":"component---src-pages-osis-bidang-6-js","assets":[{"name":"styles.3a87959a59fbf3c2c4e1.css","size":17969},{"name":"cb1608f2-d231423bc9ddde90fa79.js","size":962},{"name":"a9a7754c-a86446a4648445353ee8.js","size":3032},{"name":"1bfc9850-61858c5e14fe580663bc.js","size":512},{"name":"commons-29c440cf031006435ace.js","size":36233},{"name":"25ce808e943270f6a14b7ca0060e14f28234c2ca-3a6a954bdf947327520d.js","size":14885},{"name":"component---src-pages-osis-bidang-6-js-9056c4d342fd46190e64.js","size":10534}],"filteredAssets":0,"assetsSize":84127,"filteredAuxiliaryAssets":31,"auxiliaryAssetsSize":9975200},"component---src-pages-osis-bidang-7-js":{"name":"component---src-pages-osis-bidang-7-js","assets":[{"name":"styles.3a87959a59fbf3c2c4e1.css","size":17969},{"name":"cb1608f2-d231423bc9ddde90fa79.js","size":962},{"name":"a9a7754c-a86446a4648445353ee8.js","size":3032},{"name":"1bfc9850-61858c5e14fe580663bc.js","size":512},{"name":"commons-29c440cf031006435ace.js","size":36233},{"name":"25ce808e943270f6a14b7ca0060e14f28234c2ca-3a6a954bdf947327520d.js","size":14885},{"name":"component---src-pages-osis-bidang-7-js-b9d1d9ac9ddb9466e119.js","size":11356}],"filteredAssets":0,"assetsSize":84949,"filteredAuxiliaryAssets":32,"auxiliaryAssetsSize":10180130},"component---src-pages-osis-bidang-8-js":{"name":"component---src-pages-osis-bidang-8-js","assets":[{"name":"styles.3a87959a59fbf3c2c4e1.css","size":17969},{"name":"cb1608f2-d231423bc9ddde90fa79.js","size":962},{"name":"a9a7754c-a86446a4648445353ee8.js","size":3032},{"name":"1bfc9850-61858c5e14fe580663bc.js","size":512},{"name":"commons-29c440cf031006435ace.js","size":36233},{"name":"25ce808e943270f6a14b7ca0060e14f28234c2ca-3a6a954bdf947327520d.js","size":14885},{"name":"component---src-pages-osis-bidang-8-js-5a4ccaa3ce405590a55f.js","size":11331}],"filteredAssets":0,"assetsSize":84924,"filteredAuxiliaryAssets":31,"auxiliaryAssetsSize":10186442},"component---src-pages-osis-bidang-9-js":{"name":"component---src-pages-osis-bidang-9-js","assets":[{"name":"styles.3a87959a59fbf3c2c4e1.css","size":17969},{"name":"cb1608f2-d231423bc9ddde90fa79.js","size":962},{"name":"a9a7754c-a86446a4648445353ee8.js","size":3032},{"name":"1bfc9850-61858c5e14fe580663bc.js","size":512},{"name":"commons-29c440cf031006435ace.js","size":36233},{"name":"25ce808e943270f6a14b7ca0060e14f28234c2ca-3a6a954bdf947327520d.js","size":14885},{"name":"component---src-pages-osis-bidang-9-js-380aac97ee1b906d92ab.js","size":11674}],"filteredAssets":0,"assetsSize":85267,"filteredAuxiliaryAssets":31,"auxiliaryAssetsSize":9984214},"component---src-pages-osis-bph-js":{"name":"component---src-pages-osis-bph-js","assets":[{"name":"styles.3a87959a59fbf3c2c4e1.css","size":17969},{"name":"cb1608f2-d231423bc9ddde90fa79.js","size":962},{"name":"a9a7754c-a86446a4648445353ee8.js","size":3032},{"name":"1bfc9850-61858c5e14fe580663bc.js","size":512},{"name":"commons-29c440cf031006435ace.js","size":36233},{"name":"25ce808e943270f6a14b7ca0060e14f28234c2ca-3a6a954bdf947327520d.js","size":14885},{"name":"component---src-pages-osis-bph-js-7a1d8662aeaf013f10c1.js","size":9600}],"filteredAssets":0,"assetsSize":83193,"filteredAuxiliaryAssets":33,"auxiliaryAssetsSize":10196561},"component---src-pages-osis-index-js":{"name":"component---src-pages-osis-index-js","assets":[{"name":"styles.3a87959a59fbf3c2c4e1.css","size":17969},{"name":"cb1608f2-d231423bc9ddde90fa79.js","size":962},{"name":"a9a7754c-a86446a4648445353ee8.js","size":3032},{"name":"1bfc9850-61858c5e14fe580663bc.js","size":512},{"name":"commons-29c440cf031006435ace.js","size":36233},{"name":"25ce808e943270f6a14b7ca0060e14f28234c2ca-3a6a954bdf947327520d.js","size":14885},{"name":"component---src-pages-osis-index-js-168733593fb59e5deaef.js","size":9336}],"filteredAssets":0,"assetsSize":82929,"filteredAuxiliaryAssets":29,"auxiliaryAssetsSize":9990559},"component---src-pages-pengumuman-index-js":{"name":"component---src-pages-pengumuman-index-js","assets":[{"name":"styles.3a87959a59fbf3c2c4e1.css","size":17969},{"name":"cb1608f2-d231423bc9ddde90fa79.js","size":962},{"name":"a9a7754c-a86446a4648445353ee8.js","size":3032},{"name":"1bfc9850-61858c5e14fe580663bc.js","size":512},{"name":"commons-29c440cf031006435ace.js","size":36233},{"name":"25ce808e943270f6a14b7ca0060e14f28234c2ca-3a6a954bdf947327520d.js","size":14885},{"name":"component---src-pages-pengumuman-index-js-69966db7e07308548b87.js","size":7033}],"filteredAssets":0,"assetsSize":80626,"filteredAuxiliaryAssets":29,"auxiliaryAssetsSize":10257991},"component---src-pages-smukierz-index-js":{"name":"component---src-pages-smukierz-index-js","assets":[{"name":"styles.3a87959a59fbf3c2c4e1.css","size":17969},{"name":"cb1608f2-d231423bc9ddde90fa79.js","size":962},{"name":"a9a7754c-a86446a4648445353ee8.js","size":3032},{"name":"1bfc9850-61858c5e14fe580663bc.js","size":512},{"name":"commons-29c440cf031006435ace.js","size":36233},{"name":"25ce808e943270f6a14b7ca0060e14f28234c2ca-3a6a954bdf947327520d.js","size":14885},{"name":"component---src-pages-smukierz-index-js-970abe52ee3baec5140f.js","size":8748}],"filteredAssets":0,"assetsSize":82341,"filteredAuxiliaryAssets":28,"auxiliaryAssetsSize":9363406},"component---src-pages-smukierz-interview-darren-js":{"name":"component---src-pages-smukierz-interview-darren-js","assets":[{"name":"styles.3a87959a59fbf3c2c4e1.css","size":17969},{"name":"cb1608f2-d231423bc9ddde90fa79.js","size":962},{"name":"a9a7754c-a86446a4648445353ee8.js","size":3032},{"name":"1bfc9850-61858c5e14fe580663bc.js","size":512},{"name":"commons-29c440cf031006435ace.js","size":36233},{"name":"25ce808e943270f6a14b7ca0060e14f28234c2ca-3a6a954bdf947327520d.js","size":14885},{"name":"component---src-pages-smukierz-interview-darren-js-038a980a9d314d11923d.js","size":7952}],"filteredAssets":0,"assetsSize":81545,"filteredAuxiliaryAssets":29,"auxiliaryAssetsSize":9407536},"component---src-pages-smukierz-interview-gabriela-js":{"name":"component---src-pages-smukierz-interview-gabriela-js","assets":[{"name":"styles.3a87959a59fbf3c2c4e1.css","size":17969},{"name":"cb1608f2-d231423bc9ddde90fa79.js","size":962},{"name":"a9a7754c-a86446a4648445353ee8.js","size":3032},{"name":"1bfc9850-61858c5e14fe580663bc.js","size":512},{"name":"commons-29c440cf031006435ace.js","size":36233},{"name":"25ce808e943270f6a14b7ca0060e14f28234c2ca-3a6a954bdf947327520d.js","size":14885},{"name":"component---src-pages-smukierz-interview-gabriela-js-851527b380a9ed3552b8.js","size":8792}],"filteredAssets":0,"assetsSize":82385,"filteredAuxiliaryAssets":29,"auxiliaryAssetsSize":9400321},"component---src-pages-smukierz-interview-index-js":{"name":"component---src-pages-smukierz-interview-index-js","assets":[{"name":"styles.3a87959a59fbf3c2c4e1.css","size":17969},{"name":"cb1608f2-d231423bc9ddde90fa79.js","size":962},{"name":"a9a7754c-a86446a4648445353ee8.js","size":3032},{"name":"1bfc9850-61858c5e14fe580663bc.js","size":512},{"name":"commons-29c440cf031006435ace.js","size":36233},{"name":"25ce808e943270f6a14b7ca0060e14f28234c2ca-3a6a954bdf947327520d.js","size":14885},{"name":"component---src-pages-smukierz-interview-index-js-7c307930f9349a3695c2.js","size":7347}],"filteredAssets":0,"assetsSize":80940,"filteredAuxiliaryAssets":31,"auxiliaryAssetsSize":9479443},"component---src-pages-smukierz-interview-michael-js":{"name":"component---src-pages-smukierz-interview-michael-js","assets":[{"name":"styles.3a87959a59fbf3c2c4e1.css","size":17969},{"name":"cb1608f2-d231423bc9ddde90fa79.js","size":962},{"name":"a9a7754c-a86446a4648445353ee8.js","size":3032},{"name":"1bfc9850-61858c5e14fe580663bc.js","size":512},{"name":"commons-29c440cf031006435ace.js","size":36233},{"name":"25ce808e943270f6a14b7ca0060e14f28234c2ca-3a6a954bdf947327520d.js","size":14885},{"name":"component---src-pages-smukierz-interview-michael-js-de0153deb31780bac08f.js","size":8947}],"filteredAssets":0,"assetsSize":82540,"filteredAuxiliaryAssets":29,"auxiliaryAssetsSize":9397513},"component---src-pages-smukierz-setelah-kelas-js":{"name":"component---src-pages-smukierz-setelah-kelas-js","assets":[{"name":"styles.3a87959a59fbf3c2c4e1.css","size":17969},{"name":"cb1608f2-d231423bc9ddde90fa79.js","size":962},{"name":"a9a7754c-a86446a4648445353ee8.js","size":3032},{"name":"1bfc9850-61858c5e14fe580663bc.js","size":512},{"name":"commons-29c440cf031006435ace.js","size":36233},{"name":"25ce808e943270f6a14b7ca0060e14f28234c2ca-3a6a954bdf947327520d.js","size":14885},{"name":"component---src-pages-smukierz-setelah-kelas-js-4a97ada1721ea26c8e2d.js","size":9691}],"filteredAssets":0,"assetsSize":83284,"filteredAuxiliaryAssets":29,"auxiliaryAssetsSize":9463799},"component---src-pages-smukierz-tips-js":{"name":"component---src-pages-smukierz-tips-js","assets":[{"name":"styles.3a87959a59fbf3c2c4e1.css","size":17969},{"name":"cb1608f2-d231423bc9ddde90fa79.js","size":962},{"name":"a9a7754c-a86446a4648445353ee8.js","size":3032},{"name":"1bfc9850-61858c5e14fe580663bc.js","size":512},{"name":"commons-29c440cf031006435ace.js","size":36233},{"name":"25ce808e943270f6a14b7ca0060e14f28234c2ca-3a6a954bdf947327520d.js","size":14885},{"name":"component---src-pages-smukierz-tips-js-ad29ce162b4539714530.js","size":10067}],"filteredAssets":0,"assetsSize":83660,"filteredAuxiliaryAssets":29,"auxiliaryAssetsSize":9591511}},"assetsByChunkName":{"polyfill":["webpack-runtime-23935f8dc9b34e7b3315.js","polyfill-48178f4ae14d66127f88.js"],"app":["webpack-runtime-23935f8dc9b34e7b3315.js","styles.3a87959a59fbf3c2c4e1.css","framework-114feca8d93c4c28d9f9.js","app-85f4eaf864e8ebf7cf24.js"],"component---src-pages-404-js":["styles.3a87959a59fbf3c2c4e1.css","cb1608f2-d231423bc9ddde90fa79.js","a9a7754c-a86446a4648445353ee8.js","commons-29c440cf031006435ace.js","component---src-pages-404-js-91d3b8b7d0e7472d48e5.js"],"component---src-pages-about-fasilitas-js":["styles.3a87959a59fbf3c2c4e1.css","cb1608f2-d231423bc9ddde90fa79.js","a9a7754c-a86446a4648445353ee8.js","1bfc9850-61858c5e14fe580663bc.js","commons-29c440cf031006435ace.js","25ce808e943270f6a14b7ca0060e14f28234c2ca-3a6a954bdf947327520d.js","component---src-pages-about-fasilitas-js-de59c9c0b3b61dc5aa33.js"],"component---src-pages-about-index-js":["styles.3a87959a59fbf3c2c4e1.css","cb1608f2-d231423bc9ddde90fa79.js","a9a7754c-a86446a4648445353ee8.js","1bfc9850-61858c5e14fe580663bc.js","commons-29c440cf031006435ace.js","25ce808e943270f6a14b7ca0060e14f28234c2ca-3a6a954bdf947327520d.js","component---src-pages-about-index-js-333f3c42caaa179012b8.js"],"component---src-pages-about-logo-js":["styles.3a87959a59fbf3c2c4e1.css","cb1608f2-d231423bc9ddde90fa79.js","a9a7754c-a86446a4648445353ee8.js","1bfc9850-61858c5e14fe580663bc.js","commons-29c440cf031006435ace.js","25ce808e943270f6a14b7ca0060e14f28234c2ca-3a6a954bdf947327520d.js","component---src-pages-about-logo-js-667850d16fe45700624b.js"],"component---src-pages-about-sejarah-js":["styles.3a87959a59fbf3c2c4e1.css","cb1608f2-d231423bc9ddde90fa79.js","a9a7754c-a86446a4648445353ee8.js","1bfc9850-61858c5e14fe580663bc.js","commons-29c440cf031006435ace.js","25ce808e943270f6a14b7ca0060e14f28234c2ca-3a6a954bdf947327520d.js","component---src-pages-about-sejarah-js-62887943ed4597bdebee.js"],"component---src-pages-about-songs-js":["styles.3a87959a59fbf3c2c4e1.css","cb1608f2-d231423bc9ddde90fa79.js","a9a7754c-a86446a4648445353ee8.js","1bfc9850-61858c5e14fe580663bc.js","commons-29c440cf031006435ace.js","25ce808e943270f6a14b7ca0060e14f28234c2ca-3a6a954bdf947327520d.js","component---src-pages-about-songs-js-38599b9a3ac2b06e3285.js"],"component---src-pages-alumni-billy-js":["styles.3a87959a59fbf3c2c4e1.css","cb1608f2-d231423bc9ddde90fa79.js","a9a7754c-a86446a4648445353ee8.js","1bfc9850-61858c5e14fe580663bc.js","commons-29c440cf031006435ace.js","25ce808e943270f6a14b7ca0060e14f28234c2ca-3a6a954bdf947327520d.js","component---src-pages-alumni-billy-js-31620c08059d96d7591e.js"],"component---src-pages-alumni-index-js":["styles.3a87959a59fbf3c2c4e1.css","cb1608f2-d231423bc9ddde90fa79.js","a9a7754c-a86446a4648445353ee8.js","1bfc9850-61858c5e14fe580663bc.js","commons-29c440cf031006435ace.js","25ce808e943270f6a14b7ca0060e14f28234c2ca-3a6a954bdf947327520d.js","component---src-pages-alumni-index-js-81b0ec03f2e4cbb8c2bf.js"],"component---src-pages-alumni-nicole-js":["styles.3a87959a59fbf3c2c4e1.css","cb1608f2-d231423bc9ddde90fa79.js","a9a7754c-a86446a4648445353ee8.js","1bfc9850-61858c5e14fe580663bc.js","commons-29c440cf031006435ace.js","25ce808e943270f6a14b7ca0060e14f28234c2ca-3a6a954bdf947327520d.js","component---src-pages-alumni-nicole-js-6322eb3b21446729e28f.js"],"component---src-pages-alumni-scott-js":["styles.3a87959a59fbf3c2c4e1.css","cb1608f2-d231423bc9ddde90fa79.js","a9a7754c-a86446a4648445353ee8.js","1bfc9850-61858c5e14fe580663bc.js","commons-29c440cf031006435ace.js","25ce808e943270f6a14b7ca0060e14f28234c2ca-3a6a954bdf947327520d.js","component---src-pages-alumni-scott-js-c92c407b6d9b2bd9d42f.js"],"component---src-pages-ass-1st-akuntansi-js":["styles.3a87959a59fbf3c2c4e1.css","cb1608f2-d231423bc9ddde90fa79.js","a9a7754c-a86446a4648445353ee8.js","1bfc9850-61858c5e14fe580663bc.js","commons-29c440cf031006435ace.js","25ce808e943270f6a14b7ca0060e14f28234c2ca-3a6a954bdf947327520d.js","component---src-pages-ass-1st-akuntansi-js-c2d3c7b2fcb8faea427d.js"],"component---src-pages-ass-1st-farmasi-js":["styles.3a87959a59fbf3c2c4e1.css","cb1608f2-d231423bc9ddde90fa79.js","a9a7754c-a86446a4648445353ee8.js","1bfc9850-61858c5e14fe580663bc.js","commons-29c440cf031006435ace.js","25ce808e943270f6a14b7ca0060e14f28234c2ca-3a6a954bdf947327520d.js","component---src-pages-ass-1st-farmasi-js-e4a0a4755d020b8ca85c.js"],"component---src-pages-ass-1st-guru-js":["styles.3a87959a59fbf3c2c4e1.css","cb1608f2-d231423bc9ddde90fa79.js","a9a7754c-a86446a4648445353ee8.js","1bfc9850-61858c5e14fe580663bc.js","commons-29c440cf031006435ace.js","25ce808e943270f6a14b7ca0060e14f28234c2ca-3a6a954bdf947327520d.js","component---src-pages-ass-1st-guru-js-144c408e51d3113ec0fb.js"],"component---src-pages-ass-1st-hukum-js":["styles.3a87959a59fbf3c2c4e1.css","cb1608f2-d231423bc9ddde90fa79.js","a9a7754c-a86446a4648445353ee8.js","1bfc9850-61858c5e14fe580663bc.js","commons-29c440cf031006435ace.js","25ce808e943270f6a14b7ca0060e14f28234c2ca-3a6a954bdf947327520d.js","component---src-pages-ass-1st-hukum-js-fec5ce56d91ef438ebf1.js"],"component---src-pages-ass-1st-index-js":["styles.3a87959a59fbf3c2c4e1.css","cb1608f2-d231423bc9ddde90fa79.js","a9a7754c-a86446a4648445353ee8.js","1bfc9850-61858c5e14fe580663bc.js","commons-29c440cf031006435ace.js","25ce808e943270f6a14b7ca0060e14f28234c2ca-3a6a954bdf947327520d.js","component---src-pages-ass-1st-index-js-7e011831dfba8d0c4701.js"],"component---src-pages-ass-1st-kedokteran-js":["styles.3a87959a59fbf3c2c4e1.css","cb1608f2-d231423bc9ddde90fa79.js","a9a7754c-a86446a4648445353ee8.js","1bfc9850-61858c5e14fe580663bc.js","commons-29c440cf031006435ace.js","25ce808e943270f6a14b7ca0060e14f28234c2ca-3a6a954bdf947327520d.js","component---src-pages-ass-1st-kedokteran-js-a35f47640d9d273be084.js"],"component---src-pages-ass-1st-psikologi-js":["styles.3a87959a59fbf3c2c4e1.css","cb1608f2-d231423bc9ddde90fa79.js","a9a7754c-a86446a4648445353ee8.js","1bfc9850-61858c5e14fe580663bc.js","commons-29c440cf031006435ace.js","25ce808e943270f6a14b7ca0060e14f28234c2ca-3a6a954bdf947327520d.js","component---src-pages-ass-1st-psikologi-js-c05f52f26129b70f4f6b.js"],"component---src-pages-ass-1st-sipil-js":["styles.3a87959a59fbf3c2c4e1.css","cb1608f2-d231423bc9ddde90fa79.js","a9a7754c-a86446a4648445353ee8.js","1bfc9850-61858c5e14fe580663bc.js","commons-29c440cf031006435ace.js","25ce808e943270f6a14b7ca0060e14f28234c2ca-3a6a954bdf947327520d.js","component---src-pages-ass-1st-sipil-js-830501002acd4debb16a.js"],"component---src-pages-ass-1st-sosiologi-js":["styles.3a87959a59fbf3c2c4e1.css","cb1608f2-d231423bc9ddde90fa79.js","a9a7754c-a86446a4648445353ee8.js","1bfc9850-61858c5e14fe580663bc.js","commons-29c440cf031006435ace.js","25ce808e943270f6a14b7ca0060e14f28234c2ca-3a6a954bdf947327520d.js","component---src-pages-ass-1st-sosiologi-js-853205c0398e973aed60.js"],"component---src-pages-ass-1st-tambang-js":["styles.3a87959a59fbf3c2c4e1.css","cb1608f2-d231423bc9ddde90fa79.js","a9a7754c-a86446a4648445353ee8.js","1bfc9850-61858c5e14fe580663bc.js","commons-29c440cf031006435ace.js","25ce808e943270f6a14b7ca0060e14f28234c2ca-3a6a954bdf947327520d.js","component---src-pages-ass-1st-tambang-js-ef105e730d558ffed4f0.js"],"component---src-pages-emagz-1-stissue-js":["styles.3a87959a59fbf3c2c4e1.css","cb1608f2-d231423bc9ddde90fa79.js","a9a7754c-a86446a4648445353ee8.js","1bfc9850-61858c5e14fe580663bc.js","commons-29c440cf031006435ace.js","25ce808e943270f6a14b7ca0060e14f28234c2ca-3a6a954bdf947327520d.js","component---src-pages-emagz-1-stissue-js-b861df777ccc7bbe4635.js"],"component---src-pages-emagz-2-ndissue-js":["styles.3a87959a59fbf3c2c4e1.css","cb1608f2-d231423bc9ddde90fa79.js","a9a7754c-a86446a4648445353ee8.js","1bfc9850-61858c5e14fe580663bc.js","commons-29c440cf031006435ace.js","25ce808e943270f6a14b7ca0060e14f28234c2ca-3a6a954bdf947327520d.js","component---src-pages-emagz-2-ndissue-js-60f04f656edc289b6aef.js"],"component---src-pages-emagz-3-rdissue-js":["styles.3a87959a59fbf3c2c4e1.css","cb1608f2-d231423bc9ddde90fa79.js","a9a7754c-a86446a4648445353ee8.js","1bfc9850-61858c5e14fe580663bc.js","commons-29c440cf031006435ace.js","25ce808e943270f6a14b7ca0060e14f28234c2ca-3a6a954bdf947327520d.js","component---src-pages-emagz-3-rdissue-js-3c7990683ea8babfd5e1.js"],"component---src-pages-emagz-index-js":["styles.3a87959a59fbf3c2c4e1.css","cb1608f2-d231423bc9ddde90fa79.js","a9a7754c-a86446a4648445353ee8.js","1bfc9850-61858c5e14fe580663bc.js","commons-29c440cf031006435ace.js","25ce808e943270f6a14b7ca0060e14f28234c2ca-3a6a954bdf947327520d.js","component---src-pages-emagz-index-js-ccdb7120c867847694af.js"],"component---src-pages-index-js":["styles.3a87959a59fbf3c2c4e1.css","cb1608f2-d231423bc9ddde90fa79.js","a9a7754c-a86446a4648445353ee8.js","commons-29c440cf031006435ace.js","25ce808e943270f6a14b7ca0060e14f28234c2ca-3a6a954bdf947327520d.js","component---src-pages-index-js-fa270b204005ffce5ca7.js"],"component---src-pages-kegiatan-dofe-js":["styles.3a87959a59fbf3c2c4e1.css","cb1608f2-d231423bc9ddde90fa79.js","a9a7754c-a86446a4648445353ee8.js","1bfc9850-61858c5e14fe580663bc.js","commons-29c440cf031006435ace.js","25ce808e943270f6a14b7ca0060e14f28234c2ca-3a6a954bdf947327520d.js","component---src-pages-kegiatan-dofe-js-1c474d2bb774693147c1.js"],"component---src-pages-kegiatan-index-js":["styles.3a87959a59fbf3c2c4e1.css","cb1608f2-d231423bc9ddde90fa79.js","a9a7754c-a86446a4648445353ee8.js","1bfc9850-61858c5e14fe580663bc.js","commons-29c440cf031006435ace.js","25ce808e943270f6a14b7ca0060e14f28234c2ca-3a6a954bdf947327520d.js","component---src-pages-kegiatan-index-js-9daa110d3e0acf0373e5.js"],"component---src-pages-kegiatan-kr-1-za-js":["styles.3a87959a59fbf3c2c4e1.css","cb1608f2-d231423bc9ddde90fa79.js","a9a7754c-a86446a4648445353ee8.js","1bfc9850-61858c5e14fe580663bc.js","commons-29c440cf031006435ace.js","25ce808e943270f6a14b7ca0060e14f28234c2ca-3a6a954bdf947327520d.js","component---src-pages-kegiatan-kr-1-za-js-40efc0c58a6c1ecad9ef.js"],"component---src-pages-kegiatan-lainnya-js":["styles.3a87959a59fbf3c2c4e1.css","cb1608f2-d231423bc9ddde90fa79.js","a9a7754c-a86446a4648445353ee8.js","1bfc9850-61858c5e14fe580663bc.js","commons-29c440cf031006435ace.js","25ce808e943270f6a14b7ca0060e14f28234c2ca-3a6a954bdf947327520d.js","component---src-pages-kegiatan-lainnya-js-640c86d387845f4be3ab.js"],"component---src-pages-kegiatan-muneds-js":["styles.3a87959a59fbf3c2c4e1.css","cb1608f2-d231423bc9ddde90fa79.js","a9a7754c-a86446a4648445353ee8.js","1bfc9850-61858c5e14fe580663bc.js","commons-29c440cf031006435ace.js","25ce808e943270f6a14b7ca0060e14f28234c2ca-3a6a954bdf947327520d.js","component---src-pages-kegiatan-muneds-js-e0cf015f99a3487b96f6.js"],"component---src-pages-kegiatan-onecast-js":["styles.3a87959a59fbf3c2c4e1.css","cb1608f2-d231423bc9ddde90fa79.js","a9a7754c-a86446a4648445353ee8.js","1bfc9850-61858c5e14fe580663bc.js","commons-29c440cf031006435ace.js","25ce808e943270f6a14b7ca0060e14f28234c2ca-3a6a954bdf947327520d.js","component---src-pages-kegiatan-onecast-js-e93c2b18d5fc003d0a99.js"],"component---src-pages-kegiatan-pramuka-js":["styles.3a87959a59fbf3c2c4e1.css","cb1608f2-d231423bc9ddde90fa79.js","a9a7754c-a86446a4648445353ee8.js","1bfc9850-61858c5e14fe580663bc.js","commons-29c440cf031006435ace.js","25ce808e943270f6a14b7ca0060e14f28234c2ca-3a6a954bdf947327520d.js","component---src-pages-kegiatan-pramuka-js-7d3bdb06c68e3e425570.js"],"component---src-pages-kegiatan-scj-js":["styles.3a87959a59fbf3c2c4e1.css","cb1608f2-d231423bc9ddde90fa79.js","a9a7754c-a86446a4648445353ee8.js","1bfc9850-61858c5e14fe580663bc.js","commons-29c440cf031006435ace.js","25ce808e943270f6a14b7ca0060e14f28234c2ca-3a6a954bdf947327520d.js","component---src-pages-kegiatan-scj-js-8ffa5f962f169e0c7269.js"],"component---src-pages-kegiatan-seni-js":["styles.3a87959a59fbf3c2c4e1.css","cb1608f2-d231423bc9ddde90fa79.js","a9a7754c-a86446a4648445353ee8.js","1bfc9850-61858c5e14fe580663bc.js","commons-29c440cf031006435ace.js","25ce808e943270f6a14b7ca0060e14f28234c2ca-3a6a954bdf947327520d.js","component---src-pages-kegiatan-seni-js-0085349a3e53cc68a199.js"],"component---src-pages-kegiatan-smakonecup-js":["styles.3a87959a59fbf3c2c4e1.css","cb1608f2-d231423bc9ddde90fa79.js","a9a7754c-a86446a4648445353ee8.js","1bfc9850-61858c5e14fe580663bc.js","commons-29c440cf031006435ace.js","25ce808e943270f6a14b7ca0060e14f28234c2ca-3a6a954bdf947327520d.js","component---src-pages-kegiatan-smakonecup-js-001e79dc57a1ee23aa10.js"],"component---src-pages-kegiatan-soundscape-js":["styles.3a87959a59fbf3c2c4e1.css","cb1608f2-d231423bc9ddde90fa79.js","a9a7754c-a86446a4648445353ee8.js","1bfc9850-61858c5e14fe580663bc.js","commons-29c440cf031006435ace.js","25ce808e943270f6a14b7ca0060e14f28234c2ca-3a6a954bdf947327520d.js","component---src-pages-kegiatan-soundscape-js-01144e6dad6dfd02ee4f.js"],"component---src-pages-kegiatan-stn-js":["styles.3a87959a59fbf3c2c4e1.css","cb1608f2-d231423bc9ddde90fa79.js","a9a7754c-a86446a4648445353ee8.js","1bfc9850-61858c5e14fe580663bc.js","commons-29c440cf031006435ace.js","25ce808e943270f6a14b7ca0060e14f28234c2ca-3a6a954bdf947327520d.js","component---src-pages-kegiatan-stn-js-f58392273914ab376594.js"],"component---src-pages-osis-anggota-js":["styles.3a87959a59fbf3c2c4e1.css","cb1608f2-d231423bc9ddde90fa79.js","a9a7754c-a86446a4648445353ee8.js","1bfc9850-61858c5e14fe580663bc.js","commons-29c440cf031006435ace.js","25ce808e943270f6a14b7ca0060e14f28234c2ca-3a6a954bdf947327520d.js","component---src-pages-osis-anggota-js-5e3ba6803e8aa4f8cbfe.js"],"component---src-pages-osis-bidang-1-js":["styles.3a87959a59fbf3c2c4e1.css","cb1608f2-d231423bc9ddde90fa79.js","a9a7754c-a86446a4648445353ee8.js","1bfc9850-61858c5e14fe580663bc.js","commons-29c440cf031006435ace.js","25ce808e943270f6a14b7ca0060e14f28234c2ca-3a6a954bdf947327520d.js","component---src-pages-osis-bidang-1-js-dd995128d805db428aad.js"],"component---src-pages-osis-bidang-10-js":["styles.3a87959a59fbf3c2c4e1.css","cb1608f2-d231423bc9ddde90fa79.js","a9a7754c-a86446a4648445353ee8.js","1bfc9850-61858c5e14fe580663bc.js","commons-29c440cf031006435ace.js","25ce808e943270f6a14b7ca0060e14f28234c2ca-3a6a954bdf947327520d.js","component---src-pages-osis-bidang-10-js-637cfcc4b9fdc4816038.js"],"component---src-pages-osis-bidang-2-js":["styles.3a87959a59fbf3c2c4e1.css","cb1608f2-d231423bc9ddde90fa79.js","a9a7754c-a86446a4648445353ee8.js","1bfc9850-61858c5e14fe580663bc.js","commons-29c440cf031006435ace.js","25ce808e943270f6a14b7ca0060e14f28234c2ca-3a6a954bdf947327520d.js","component---src-pages-osis-bidang-2-js-2560f2925ffdfebb97c1.js"],"component---src-pages-osis-bidang-3-js":["styles.3a87959a59fbf3c2c4e1.css","cb1608f2-d231423bc9ddde90fa79.js","a9a7754c-a86446a4648445353ee8.js","1bfc9850-61858c5e14fe580663bc.js","commons-29c440cf031006435ace.js","25ce808e943270f6a14b7ca0060e14f28234c2ca-3a6a954bdf947327520d.js","component---src-pages-osis-bidang-3-js-42f48d48a2cdcfce4542.js"],"component---src-pages-osis-bidang-4-js":["styles.3a87959a59fbf3c2c4e1.css","cb1608f2-d231423bc9ddde90fa79.js","a9a7754c-a86446a4648445353ee8.js","1bfc9850-61858c5e14fe580663bc.js","commons-29c440cf031006435ace.js","25ce808e943270f6a14b7ca0060e14f28234c2ca-3a6a954bdf947327520d.js","component---src-pages-osis-bidang-4-js-14df3c2c980a1cbe6615.js"],"component---src-pages-osis-bidang-5-js":["styles.3a87959a59fbf3c2c4e1.css","cb1608f2-d231423bc9ddde90fa79.js","a9a7754c-a86446a4648445353ee8.js","1bfc9850-61858c5e14fe580663bc.js","commons-29c440cf031006435ace.js","25ce808e943270f6a14b7ca0060e14f28234c2ca-3a6a954bdf947327520d.js","component---src-pages-osis-bidang-5-js-eff48b50581244ed3057.js"],"component---src-pages-osis-bidang-6-js":["styles.3a87959a59fbf3c2c4e1.css","cb1608f2-d231423bc9ddde90fa79.js","a9a7754c-a86446a4648445353ee8.js","1bfc9850-61858c5e14fe580663bc.js","commons-29c440cf031006435ace.js","25ce808e943270f6a14b7ca0060e14f28234c2ca-3a6a954bdf947327520d.js","component---src-pages-osis-bidang-6-js-9056c4d342fd46190e64.js"],"component---src-pages-osis-bidang-7-js":["styles.3a87959a59fbf3c2c4e1.css","cb1608f2-d231423bc9ddde90fa79.js","a9a7754c-a86446a4648445353ee8.js","1bfc9850-61858c5e14fe580663bc.js","commons-29c440cf031006435ace.js","25ce808e943270f6a14b7ca0060e14f28234c2ca-3a6a954bdf947327520d.js","component---src-pages-osis-bidang-7-js-b9d1d9ac9ddb9466e119.js"],"component---src-pages-osis-bidang-8-js":["styles.3a87959a59fbf3c2c4e1.css","cb1608f2-d231423bc9ddde90fa79.js","a9a7754c-a86446a4648445353ee8.js","1bfc9850-61858c5e14fe580663bc.js","commons-29c440cf031006435ace.js","25ce808e943270f6a14b7ca0060e14f28234c2ca-3a6a954bdf947327520d.js","component---src-pages-osis-bidang-8-js-5a4ccaa3ce405590a55f.js"],"component---src-pages-osis-bidang-9-js":["styles.3a87959a59fbf3c2c4e1.css","cb1608f2-d231423bc9ddde90fa79.js","a9a7754c-a86446a4648445353ee8.js","1bfc9850-61858c5e14fe580663bc.js","commons-29c440cf031006435ace.js","25ce808e943270f6a14b7ca0060e14f28234c2ca-3a6a954bdf947327520d.js","component---src-pages-osis-bidang-9-js-380aac97ee1b906d92ab.js"],"component---src-pages-osis-bph-js":["styles.3a87959a59fbf3c2c4e1.css","cb1608f2-d231423bc9ddde90fa79.js","a9a7754c-a86446a4648445353ee8.js","1bfc9850-61858c5e14fe580663bc.js","commons-29c440cf031006435ace.js","25ce808e943270f6a14b7ca0060e14f28234c2ca-3a6a954bdf947327520d.js","component---src-pages-osis-bph-js-7a1d8662aeaf013f10c1.js"],"component---src-pages-osis-index-js":["styles.3a87959a59fbf3c2c4e1.css","cb1608f2-d231423bc9ddde90fa79.js","a9a7754c-a86446a4648445353ee8.js","1bfc9850-61858c5e14fe580663bc.js","commons-29c440cf031006435ace.js","25ce808e943270f6a14b7ca0060e14f28234c2ca-3a6a954bdf947327520d.js","component---src-pages-osis-index-js-168733593fb59e5deaef.js"],"component---src-pages-pengumuman-index-js":["styles.3a87959a59fbf3c2c4e1.css","cb1608f2-d231423bc9ddde90fa79.js","a9a7754c-a86446a4648445353ee8.js","1bfc9850-61858c5e14fe580663bc.js","commons-29c440cf031006435ace.js","25ce808e943270f6a14b7ca0060e14f28234c2ca-3a6a954bdf947327520d.js","component---src-pages-pengumuman-index-js-69966db7e07308548b87.js"],"component---src-pages-smukierz-index-js":["styles.3a87959a59fbf3c2c4e1.css","cb1608f2-d231423bc9ddde90fa79.js","a9a7754c-a86446a4648445353ee8.js","1bfc9850-61858c5e14fe580663bc.js","commons-29c440cf031006435ace.js","25ce808e943270f6a14b7ca0060e14f28234c2ca-3a6a954bdf947327520d.js","component---src-pages-smukierz-index-js-970abe52ee3baec5140f.js"],"component---src-pages-smukierz-interview-darren-js":["styles.3a87959a59fbf3c2c4e1.css","cb1608f2-d231423bc9ddde90fa79.js","a9a7754c-a86446a4648445353ee8.js","1bfc9850-61858c5e14fe580663bc.js","commons-29c440cf031006435ace.js","25ce808e943270f6a14b7ca0060e14f28234c2ca-3a6a954bdf947327520d.js","component---src-pages-smukierz-interview-darren-js-038a980a9d314d11923d.js"],"component---src-pages-smukierz-interview-gabriela-js":["styles.3a87959a59fbf3c2c4e1.css","cb1608f2-d231423bc9ddde90fa79.js","a9a7754c-a86446a4648445353ee8.js","1bfc9850-61858c5e14fe580663bc.js","commons-29c440cf031006435ace.js","25ce808e943270f6a14b7ca0060e14f28234c2ca-3a6a954bdf947327520d.js","component---src-pages-smukierz-interview-gabriela-js-851527b380a9ed3552b8.js"],"component---src-pages-smukierz-interview-index-js":["styles.3a87959a59fbf3c2c4e1.css","cb1608f2-d231423bc9ddde90fa79.js","a9a7754c-a86446a4648445353ee8.js","1bfc9850-61858c5e14fe580663bc.js","commons-29c440cf031006435ace.js","25ce808e943270f6a14b7ca0060e14f28234c2ca-3a6a954bdf947327520d.js","component---src-pages-smukierz-interview-index-js-7c307930f9349a3695c2.js"],"component---src-pages-smukierz-interview-michael-js":["styles.3a87959a59fbf3c2c4e1.css","cb1608f2-d231423bc9ddde90fa79.js","a9a7754c-a86446a4648445353ee8.js","1bfc9850-61858c5e14fe580663bc.js","commons-29c440cf031006435ace.js","25ce808e943270f6a14b7ca0060e14f28234c2ca-3a6a954bdf947327520d.js","component---src-pages-smukierz-interview-michael-js-de0153deb31780bac08f.js"],"component---src-pages-smukierz-setelah-kelas-js":["styles.3a87959a59fbf3c2c4e1.css","cb1608f2-d231423bc9ddde90fa79.js","a9a7754c-a86446a4648445353ee8.js","1bfc9850-61858c5e14fe580663bc.js","commons-29c440cf031006435ace.js","25ce808e943270f6a14b7ca0060e14f28234c2ca-3a6a954bdf947327520d.js","component---src-pages-smukierz-setelah-kelas-js-4a97ada1721ea26c8e2d.js"],"component---src-pages-smukierz-tips-js":["styles.3a87959a59fbf3c2c4e1.css","cb1608f2-d231423bc9ddde90fa79.js","a9a7754c-a86446a4648445353ee8.js","1bfc9850-61858c5e14fe580663bc.js","commons-29c440cf031006435ace.js","25ce808e943270f6a14b7ca0060e14f28234c2ca-3a6a954bdf947327520d.js","component---src-pages-smukierz-tips-js-ad29ce162b4539714530.js"]},"childAssetsByChunkName":{}}